{
  "Antiniebla delantero derecho": 0.0763021782040596,
  "Antiniebla delantero izquierdo": 0.12683448195457458,
  "Cap\u00f3": 0.04529279097914696,
  "Cerradura capo": 0.3404204845428467,
  "Cerradura maletero": 0.18165944516658783,
  "Cerradura puerta": 0.2440514862537384,
  "Espejo lateral derecho": 0.21317210793495178,
  "Espejo lateral izquierdo": 0.18102549016475677,
  "Faros derecho": 0.16600319743156433,
  "Faros izquierdo": 0.12117799371480942,
  "Guardabarros delantero derecho": 0.14756378531455994,
  "Guardabarros delantero izquierdo": 0.1475512981414795,
  "Guardabarros trasero derecho": 0.10313999652862549,
  "Guardabarros trasero izquierdo": 0.08914113789796829,
  "Luz indicadora delantera derecha": 0.1039118841290474,
  "Luz indicadora delantera izquierda": 0.16338886320590973,
  "Luz indicadora trasera derecha": 0.09338762611150742,
  "Luz indicadora trasera izquierda": 0.4132191240787506,
  "Luz trasera derecho": 0.12590111792087555,
  "Luz trasera izquierdo": 0.40954405069351196,
  "Maletero": 0.2913999855518341,
  "Manija derecha": 0.1873438060283661,
  "Manija izquierda": 0.14790090918540955,
  "Marco de la ventana": 0.14715918898582458,
  "Marco de las puertas": 0.1744561493396759,
  "Moldura cap\u00f3": 0.06552453339099884,
  "Moldura puerta delantera derecha": 0.3652820885181427,
  "Moldura puerta delantera izquierda": 0.08119435608386993,
  "Moldura puerta trasera derecha": 0.22406083345413208
}